QB,RB,RB,WR,WR,WR,TE,FLEX,DST,,Instructions
,,,,,,,,,,1. Locate the player you want to select in the list below 
,,,,,,,,,,2. Copy the ID of your player (you can use the Name + ID column or the ID column) 
,,,,,,,,,,3. Paste the ID into the roster position desired 
,,,,,,,,,,4. You must include an ID for each player; you cannot use just the player's name 
,,,,,,,,,,5. You can create up to 500 lineups per file 
 
,,,,,,,,,,Position,Name + ID,Name,ID,Roster Position,Salary,GameInfo,TeamAbbrev 
,,,,,,,,,,RB,Todd Gurley II (9792879),Todd Gurley II,9792879,RB,8400,LAR@MIN 11/19/2017 01:00PM ET,LAR,
,,,,,,,,,,RB,Leonard Fournette (9792719),Leonard Fournette,9792719,RB,8200,JAX@CLE 11/19/2017 01:00PM ET,JAX,
,,,,,,,,,,RB,Mark Ingram (9792945),Mark Ingram,9792945,RB,8100,WAS@NO 11/19/2017 01:00PM ET,NO,
,,,,,,,,,,RB,Kareem Hunt (9793006),Kareem Hunt,9793006,RB,8000,KC@NYG 11/19/2017 01:00PM ET,KC,
,,,,,,,,,,WR,Mike Evans (9793304),Mike Evans,9793304,WR,7900,TB@MIA 11/19/2017 01:00PM ET,TB,
,,,,,,,,,,RB,LeSean McCoy (9793066),LeSean McCoy,9793066,RB,7800,BUF@LAC 11/19/2017 04:05PM ET,BUF,
,,,,,,,,,,RB,Melvin Gordon (9793100),Melvin Gordon,9793100,RB,7600,BUF@LAC 11/19/2017 04:05PM ET,LAC,
,,,,,,,,,,RB,Alvin Kamara (9792947),Alvin Kamara,9792947,RB,7500,WAS@NO 11/19/2017 01:00PM ET,NO,
,,,,,,,,,,WR,Michael Thomas (9792955),Michael Thomas,9792955,WR,7400,WAS@NO 11/19/2017 01:00PM ET,NO,
,,,,,,,,,,QB,Tom Brady (9793228),Tom Brady,9793228,QB,7400,NE@OAK 11/19/2017 04:25PM ET,NE,
,,,,,,,,,,TE,Travis Kelce (9793024),Travis Kelce,9793024,TE,7300,KC@NYG 11/19/2017 01:00PM ET,KC,
,,,,,,,,,,WR,Adam Thielen (9792921),Adam Thielen,9792921,WR,7200,LAR@MIN 11/19/2017 01:00PM ET,MIN,
,,,,,,,,,,TE,Rob Gronkowski (9793254),Rob Gronkowski,9793254,TE,7200,NE@OAK 11/19/2017 04:25PM ET,NE,
,,,,,,,,,,WR,Tyreek Hill (9793014),Tyreek Hill,9793014,WR,7100,KC@NYG 11/19/2017 01:00PM ET,KC,
,,,,,,,,,,WR,A.J. Green (9793140),A.J. Green,9793140,WR,7000,CIN@DEN 11/19/2017 04:25PM ET,CIN,
,,,,,,,,,,WR,Larry Fitzgerald (9792857),Larry Fitzgerald,9792857,WR,6900,ARI@HOU 11/19/2017 01:00PM ET,ARI,
,,,,,,,,,,WR,Golden Tate (9792662),Golden Tate,9792662,WR,6800,DET@CHI 11/19/2017 01:00PM ET,DET,
,,,,,,,,,,RB,David Johnson (9792843),David Johnson,9792843,RB,6800,ARI@HOU 11/19/2017 01:00PM ET,ARI,
,,,,,,,,,,QB,Drew Brees (9792942),Drew Brees,9792942,QB,6800,WAS@NO 11/19/2017 01:00PM ET,NO,
,,,,,,,,,,WR,Stefon Diggs (9792923),Stefon Diggs,9792923,WR,6700,LAR@MIN 11/19/2017 01:00PM ET,MIN,
,,,,,,,,,,QB,Alex Smith (9793003),Alex Smith,9793003,QB,6700,KC@NYG 11/19/2017 01:00PM ET,KC,
,,,,,,,,,,QB,Matthew Stafford (9792650),Matthew Stafford,9792650,QB,6600,DET@CHI 11/19/2017 01:00PM ET,DET,
,,,,,,,,,,WR,Brandin Cooks (9793242),Brandin Cooks,9793242,WR,6600,NE@OAK 11/19/2017 04:25PM ET,NE,
,,,,,,,,,,QB,Jared Goff (9792876),Jared Goff,9792876,QB,6500,LAR@MIN 11/19/2017 01:00PM ET,LAR,
,,,,,,,,,,WR,DeVante Parker (9793274),DeVante Parker,9793274,WR,6500,TB@MIA 11/19/2017 01:00PM ET,MIA,
,,,,,,,,,,QB,Derek Carr (9793200),Derek Carr,9793200,QB,6400,NE@OAK 11/19/2017 04:25PM ET,OAK,
,,,,,,,,,,WR,Jarvis Landry (9793272),Jarvis Landry,9793272,WR,6400,TB@MIA 11/19/2017 01:00PM ET,MIA,
,,,,,,,,,,WR,Sterling Shepard (9793046),Sterling Shepard,9793046,WR,6300,KC@NYG 11/19/2017 01:00PM ET,NYG,
,,,,,,,,,,RB,Jordan Howard (9792619),Jordan Howard,9792619,RB,6200,DET@CHI 11/19/2017 01:00PM ET,CHI,
,,,,,,,,,,WR,DeAndre Hopkins (9792825),DeAndre Hopkins,9792825,WR,6100,ARI@HOU 11/19/2017 01:00PM ET,HOU,
,,,,,,,,,,QB,Kirk Cousins (9792974),Kirk Cousins,9792974,QB,6100,WAS@NO 11/19/2017 01:00PM ET,WAS,
,,,,,,,,,,RB,Adrian Peterson (9792845),Adrian Peterson,9792845,RB,6000,ARI@HOU 11/19/2017 01:00PM ET,ARI,
,,,,,,,,,,WR,Robert Woods (9792887),Robert Woods,9792887,WR,6000,LAR@MIN 11/19/2017 01:00PM ET,LAR,
,,,,,,,,,,TE,Evan Engram (9793056),Evan Engram,9793056,TE,6000,KC@NYG 11/19/2017 01:00PM ET,NYG,
,,,,,,,,,,WR,Amari Cooper (9793211),Amari Cooper,9793211,WR,6000,NE@OAK 11/19/2017 04:25PM ET,OAK,
,,,,,,,,,,QB,Philip Rivers (9793097),Philip Rivers,9793097,QB,5900,BUF@LAC 11/19/2017 04:05PM ET,LAC,
,,,,,,,,,,WR,Keenan Allen (9793110),Keenan Allen,9793110,WR,5900,BUF@LAC 11/19/2017 04:05PM ET,LAC,
,,,,,,,,,,WR,Michael Crabtree (9793213),Michael Crabtree,9793213,WR,5900,NE@OAK 11/19/2017 04:25PM ET,OAK,
,,,,,,,,,,WR,Demaryius Thomas (9793179),Demaryius Thomas,9793179,WR,5800,CIN@DEN 11/19/2017 04:25PM ET,DEN,
,,,,,,,,,,WR,Chris Hogan (9793244),Chris Hogan,9793244,WR,5800,NE@OAK 11/19/2017 04:25PM ET,NE,
,,,,,,,,,,RB,Jerick McKinnon (9792913),Jerick McKinnon,9792913,RB,5700,LAR@MIN 11/19/2017 01:00PM ET,MIN,
,,,,,,,,,,QB,Eli Manning (9793033),Eli Manning,9793033,QB,5700,KC@NYG 11/19/2017 01:00PM ET,NYG,
,,,,,,,,,,WR,Danny Amendola (9793246),Danny Amendola,9793246,WR,5700,NE@OAK 11/19/2017 04:25PM ET,NE,
,,,,,,,,,,WR,Marvin Jones Jr. (9792664),Marvin Jones Jr.,9792664,WR,5600,DET@CHI 11/19/2017 01:00PM ET,DET,
,,,,,,,,,,QB,Tyrod Taylor (9793063),Tyrod Taylor,9793063,QB,5600,BUF@LAC 11/19/2017 04:05PM ET,BUF,
,,,,,,,,,,WR,Marqise Lee (9792729),Marqise Lee,9792729,WR,5500,JAX@CLE 11/19/2017 01:00PM ET,JAX,
,,,,,,,,,,QB,Carson Palmer (9792840),Carson Palmer,9792840,QB,5500,ARI@HOU 11/19/2017 01:00PM ET,ARI,
,,,,,,,,,,RB,Chris Thompson (9792976),Chris Thompson,9792976,RB,5400,WAS@NO 11/19/2017 01:00PM ET,WAS,
,,,,,,,,,,QB,Jay Cutler (9793263),Jay Cutler,9793263,QB,5400,TB@MIA 11/19/2017 01:00PM ET,MIA,
,,,,,,,,,,WR,Davante Adams (9792764),Davante Adams,9792764,WR,5300,BAL@GB 11/19/2017 01:00PM ET,GB,
,,,,,,,,,,QB,Jameis Winston (9793293),Jameis Winston,9793293,QB,5300,TB@MIA 11/19/2017 01:00PM ET,TB,
,,,,,,,,,,QB,Ryan Fitzpatrick (9793294),Ryan Fitzpatrick,9793294,QB,5300,TB@MIA 11/19/2017 01:00PM ET,TB,
,,,,,,,,,,QB,Blake Bortles (9792717),Blake Bortles,9792717,QB,5200,JAX@CLE 11/19/2017 01:00PM ET,JAX,
,,,,,,,,,,RB,Ty Montgomery (9792754),Ty Montgomery,9792754,RB,5200,BAL@GB 11/19/2017 01:00PM ET,GB,
,,,,,,,,,,WR,Emmanuel Sanders (9793181),Emmanuel Sanders,9793181,WR,5200,CIN@DEN 11/19/2017 04:25PM ET,DEN,
,,,,,,,,,,QB,Case Keenum (9792911),Case Keenum,9792911,QB,5100,LAR@MIN 11/19/2017 01:00PM ET,MIN,
,,,,,,,,,,WR,DeSean Jackson (9793306),DeSean Jackson,9793306,WR,5100,TB@MIA 11/19/2017 01:00PM ET,TB,
,,,,,,,,,,RB,Lamar Miller (9792815),Lamar Miller,9792815,RB,5000,ARI@HOU 11/19/2017 01:00PM ET,HOU,
,,,,,,,,,,QB,Teddy Bridgewater (9792910),Teddy Bridgewater,9792910,QB,5000,LAR@MIN 11/19/2017 01:00PM ET,MIN,
,,,,,,,,,,TE,Jordan Reed (9792994),Jordan Reed,9792994,TE,5000,WAS@NO 11/19/2017 01:00PM ET,WAS,
,,,,,,,,,,WR,Kelvin Benjamin (9793074),Kelvin Benjamin,9793074,WR,5000,BUF@LAC 11/19/2017 04:05PM ET,BUF,
,,,,,,,,,,RB,Jamaal Williams (9792756),Jamaal Williams,9792756,RB,4900,BAL@GB 11/19/2017 01:00PM ET,GB,
,,,,,,,,,,QB,Joe Flacco (9792779),Joe Flacco,9792779,QB,4900,BAL@GB 11/19/2017 01:00PM ET,BAL,
,,,,,,,,,,QB,Drew Stanton (9792841),Drew Stanton,9792841,QB,4900,ARI@HOU 11/19/2017 01:00PM ET,ARI,
,,,,,,,,,,QB,Blaine Gabbert (9792842),Blaine Gabbert,9792842,QB,4900,ARI@HOU 11/19/2017 01:00PM ET,ARI,
,,,,,,,,,,QB,Brian Hoyer (9793229),Brian Hoyer,9793229,QB,4900,NE@OAK 11/19/2017 04:25PM ET,NE,
,,,,,,,,,,WR,Ted Ginn Jr. (9792957),Ted Ginn Jr.,9792957,WR,4800,WAS@NO 11/19/2017 01:00PM ET,NO,
,,,,,,,,,,RB,Orleans Darkwa (9793036),Orleans Darkwa,9793036,RB,4800,KC@NYG 11/19/2017 01:00PM ET,NYG,
,,,,,,,,,,QB,Andy Dalton (9793131),Andy Dalton,9793131,QB,4800,CIN@DEN 11/19/2017 04:25PM ET,CIN,
,,,,,,,,,,TE,Jared Cook (9793221),Jared Cook,9793221,TE,4800,NE@OAK 11/19/2017 04:25PM ET,OAK,
,,,,,,,,,,RB,Kenyan Drake (9793266),Kenyan Drake,9793266,RB,4800,TB@MIA 11/19/2017 01:00PM ET,MIA,
,,,,,,,,,,QB,Brett Hundley (9792750),Brett Hundley,9792750,QB,4700,BAL@GB 11/19/2017 01:00PM ET,GB,
,,,,,,,,,,WR,Jordy Nelson (9792762),Jordy Nelson,9792762,WR,4700,BAL@GB 11/19/2017 01:00PM ET,GB,
,,,,,,,,,,QB,Colt McCoy (9792975),Colt McCoy,9792975,QB,4700,WAS@NO 11/19/2017 01:00PM ET,WAS,
,,,,,,,,,,QB,Patrick Mahomes II (9793004),Patrick Mahomes II,9793004,QB,4700,KC@NYG 11/19/2017 01:00PM ET,KC,
,,,,,,,,,,QB,Nathan Peterman (9793065),Nathan Peterman,9793065,QB,4700,BUF@LAC 11/19/2017 04:05PM ET,BUF,
,,,,,,,,,,QB,AJ McCarron (9793132),AJ McCarron,9793132,QB,4700,CIN@DEN 11/19/2017 04:25PM ET,CIN,
,,,,,,,,,,QB,EJ Manuel (9793201),EJ Manuel,9793201,QB,4700,NE@OAK 11/19/2017 04:25PM ET,OAK,
,,,,,,,,,,RB,James White (9793230),James White,9793230,RB,4700,NE@OAK 11/19/2017 04:25PM ET,NE,
,,,,,,,,,,QB,Matt Moore (9793264),Matt Moore,9793264,QB,4700,TB@MIA 11/19/2017 01:00PM ET,MIA,
,,,,,,,,,,WR,Allen Hurns (9792731),Allen Hurns,9792731,WR,4600,JAX@CLE 11/19/2017 01:00PM ET,JAX,
,,,,,,,,,,RB,Aaron Jones (9792752),Aaron Jones,9792752,RB,4600,BAL@GB 11/19/2017 01:00PM ET,GB,
,,,,,,,,,,QB,Chase Daniel (9792943),Chase Daniel,9792943,QB,4600,WAS@NO 11/19/2017 01:00PM ET,NO,
,,,,,,,,,,TE,Vernon Davis (9792996),Vernon Davis,9792996,TE,4600,WAS@NO 11/19/2017 01:00PM ET,WAS,
,,,,,,,,,,QB,Mitchell Trubisky (9792616),Mitchell Trubisky,9792616,QB,4500,DET@CHI 11/19/2017 01:00PM ET,CHI,
,,,,,,,,,,QB,DeShone Kizer (9792679),DeShone Kizer,9792679,QB,4500,JAX@CLE 11/19/2017 01:00PM ET,CLE,
,,,,,,,,,,RB,Chris Ivory (9792721),Chris Ivory,9792721,RB,4500,JAX@CLE 11/19/2017 01:00PM ET,JAX,
,,,,,,,,,,QB,Ryan Mallett (9792780),Ryan Mallett,9792780,QB,4500,BAL@GB 11/19/2017 01:00PM ET,BAL,
,,,,,,,,,,WR,Jeremy Maclin (9792791),Jeremy Maclin,9792791,WR,4500,BAL@GB 11/19/2017 01:00PM ET,BAL,
,,,,,,,,,,WR,Cooper Kupp (9792891),Cooper Kupp,9792891,WR,4500,LAR@MIN 11/19/2017 01:00PM ET,LAR,
,,,,,,,,,,QB,Geno Smith (9793034),Geno Smith,9793034,QB,4500,KC@NYG 11/19/2017 01:00PM ET,NYG,
,,,,,,,,,,QB,Cardale Jones (9793098),Cardale Jones,9793098,QB,4500,BUF@LAC 11/19/2017 04:05PM ET,LAC,
,,,,,,,,,,RB,Austin Ekeler (9793102),Austin Ekeler,9793102,RB,4500,BUF@LAC 11/19/2017 04:05PM ET,LAC,
,,,,,,,,,,QB,Brock Osweiler (9793167),Brock Osweiler,9793167,QB,4500,CIN@DEN 11/19/2017 04:25PM ET,DEN,
,,,,,,,,,,RB,Damien Williams (9793268),Damien Williams,9793268,RB,4500,TB@MIA 11/19/2017 01:00PM ET,MIA,
,,,,,,,,,,RB,Doug Martin (9793296),Doug Martin,9793296,RB,4500,TB@MIA 11/19/2017 01:00PM ET,TB,
,,,,,,,,,,QB,Mike Glennon (9792617),Mike Glennon,9792617,QB,4400,DET@CHI 11/19/2017 01:00PM ET,CHI,
,,,,,,,,,,RB,Duke Johnson Jr. (9792684),Duke Johnson Jr.,9792684,RB,4400,JAX@CLE 11/19/2017 01:00PM ET,CLE,
,,,,,,,,,,QB,Joe Callahan (9792751),Joe Callahan,9792751,QB,4400,BAL@GB 11/19/2017 01:00PM ET,GB,
,,,,,,,,,,RB,Javorius Allen (9792783),Javorius Allen,9792783,RB,4400,BAL@GB 11/19/2017 01:00PM ET,BAL,
,,,,,,,,,,RB,Danny Woodhead (9792787),Danny Woodhead,9792787,RB,4400,BAL@GB 11/19/2017 01:00PM ET,BAL,
,,,,,,,,,,QB,Tom Savage (9792813),Tom Savage,9792813,QB,4400,ARI@HOU 11/19/2017 01:00PM ET,HOU,
,,,,,,,,,,WR,Sammy Watkins (9792889),Sammy Watkins,9792889,WR,4400,LAR@MIN 11/19/2017 01:00PM ET,LAR,
,,,,,,,,,,TE,Kyle Rudolph (9792933),Kyle Rudolph,9792933,TE,4400,LAR@MIN 11/19/2017 01:00PM ET,MIN,
,,,,,,,,,,RB,Charcandrick West (9793008),Charcandrick West,9793008,RB,4400,KC@NYG 11/19/2017 01:00PM ET,KC,
,,,,,,,,,,QB,Trevor Siemian (9793165),Trevor Siemian,9793165,QB,4400,CIN@DEN 11/19/2017 04:25PM ET,DEN,
,,,,,,,,,,QB,Paxton Lynch (9793166),Paxton Lynch,9793166,QB,4400,CIN@DEN 11/19/2017 04:25PM ET,DEN,
,,,,,,,,,,QB,Cody Kessler (9792680),Cody Kessler,9792680,QB,4300,JAX@CLE 11/19/2017 01:00PM ET,CLE,
,,,,,,,,,,QB,Kevin Hogan (9792681),Kevin Hogan,9792681,QB,4300,JAX@CLE 11/19/2017 01:00PM ET,CLE,
,,,,,,,,,,QB,Chad Henne (9792718),Chad Henne,9792718,QB,4300,JAX@CLE 11/19/2017 01:00PM ET,JAX,
,,,,,,,,,,QB,T.J. Yates (9792812),T.J. Yates,9792812,QB,4300,ARI@HOU 11/19/2017 01:00PM ET,HOU,
,,,,,,,,,,WR,Jamison Crowder (9792982),Jamison Crowder,9792982,WR,4300,WAS@NO 11/19/2017 01:00PM ET,WAS,
,,,,,,,,,,RB,Marshawn Lynch (9793205),Marshawn Lynch,9793205,RB,4300,NE@OAK 11/19/2017 04:25PM ET,OAK,
,,,,,,,,,,QB,Jake Rudock (9792651),Jake Rudock,9792651,QB,4200,DET@CHI 11/19/2017 01:00PM ET,DET,
,,,,,,,,,,RB,Ameer Abdullah (9792652),Ameer Abdullah,9792652,RB,4200,DET@CHI 11/19/2017 01:00PM ET,DET,
,,,,,,,,,,WR,John Brown (9792859),John Brown,9792859,WR,4200,ARI@HOU 11/19/2017 01:00PM ET,ARI,
,,,,,,,,,,QB,Sean Mannion (9792877),Sean Mannion,9792877,QB,4200,LAR@MIN 11/19/2017 01:00PM ET,LAR,
,,,,,,,,,,RB,Dion Lewis (9793232),Dion Lewis,9793232,RB,4200,NE@OAK 11/19/2017 04:25PM ET,NE,
,,,,,,,,,,TE,Cameron Brate (9793316),Cameron Brate,9793316,TE,4200,TB@MIA 11/19/2017 01:00PM ET,TB,
,,,,,,,,,,RB,Theo Riddick (9792654),Theo Riddick,9792654,RB,4100,DET@CHI 11/19/2017 01:00PM ET,DET,
,,,,,,,,,,RB,Isaiah Crowell (9792682),Isaiah Crowell,9792682,RB,4100,JAX@CLE 11/19/2017 01:00PM ET,CLE,
,,,,,,,,,,QB,Josh Johnson (9792814),Josh Johnson,9792814,QB,4100,ARI@HOU 11/19/2017 01:00PM ET,HOU,
,,,,,,,,,,WR,Will Fuller V (9792827),Will Fuller V,9792827,WR,4100,ARI@HOU 11/19/2017 01:00PM ET,HOU,
,,,,,,,,,,QB,Mark Sanchez (9792618),Mark Sanchez,9792618,QB,4000,DET@CHI 11/19/2017 01:00PM ET,CHI,
,,,,,,,,,,RB,T.J. Yeldon (9792723),T.J. Yeldon,9792723,RB,4000,JAX@CLE 11/19/2017 01:00PM ET,JAX,
,,,,,,,,,,DST,Jaguars  (9792749),Jaguars ,9792749,DST,4000,JAX@CLE 11/19/2017 01:00PM ET,JAX,
,,,,,,,,,,RB,D'Onta Foreman (9792817),D'Onta Foreman,9792817,RB,4000,ARI@HOU 11/19/2017 01:00PM ET,HOU,
,,,,,,,,,,QB,Brandon Allen (9792878),Brandon Allen,9792878,QB,4000,LAR@MIN 11/19/2017 01:00PM ET,LAR,
,,,,,,,,,,QB,Kyle Sloter (9792912),Kyle Sloter,9792912,QB,4000,LAR@MIN 11/19/2017 01:00PM ET,MIN,
,,,,,,,,,,RB,Latavius Murray (9792915),Latavius Murray,9792915,RB,4000,LAR@MIN 11/19/2017 01:00PM ET,MIN,
,,,,,,,,,,QB,Taysom Hill (9792944),Taysom Hill,9792944,QB,4000,WAS@NO 11/19/2017 01:00PM ET,NO,
,,,,,,,,,,WR,Josh Doctson (9792984),Josh Doctson,9792984,WR,4000,WAS@NO 11/19/2017 01:00PM ET,WAS,
,,,,,,,,,,QB,Tyler Bray (9793005),Tyler Bray,9793005,QB,4000,KC@NYG 11/19/2017 01:00PM ET,KC,
,,,,,,,,,,QB,Davis Webb (9793035),Davis Webb,9793035,QB,4000,KC@NYG 11/19/2017 01:00PM ET,NYG,
,,,,,,,,,,QB,Joe Webb (9793064),Joe Webb,9793064,QB,4000,BUF@LAC 11/19/2017 04:05PM ET,BUF,
,,,,,,,,,,QB,Kellen Clemens (9793099),Kellen Clemens,9793099,QB,4000,BUF@LAC 11/19/2017 04:05PM ET,LAC,
,,,,,,,,,,QB,Jeff Driskel (9793133),Jeff Driskel,9793133,QB,4000,CIN@DEN 11/19/2017 04:25PM ET,CIN,
,,,,,,,,,,RB,Joe Mixon (9793134),Joe Mixon,9793134,RB,4000,CIN@DEN 11/19/2017 04:25PM ET,CIN,
,,,,,,,,,,QB,Chad Kelly (9793168),Chad Kelly,9793168,QB,4000,CIN@DEN 11/19/2017 04:25PM ET,DEN,
,,,,,,,,,,RB,C.J. Anderson (9793169),C.J. Anderson,9793169,RB,4000,CIN@DEN 11/19/2017 04:25PM ET,DEN,
,,,,,,,,,,RB,Jamaal Charles (9793171),Jamaal Charles,9793171,RB,4000,CIN@DEN 11/19/2017 04:25PM ET,DEN,
,,,,,,,,,,QB,Connor Cook (9793202),Connor Cook,9793202,QB,4000,NE@OAK 11/19/2017 04:25PM ET,OAK,
,,,,,,,,,,QB,David Fales (9793265),David Fales,9793265,QB,4000,TB@MIA 11/19/2017 01:00PM ET,MIA,
,,,,,,,,,,WR,Kenny Stills (9793276),Kenny Stills,9793276,WR,4000,TB@MIA 11/19/2017 01:00PM ET,MIA,
,,,,,,,,,,QB,Ryan Griffin (9793295),Ryan Griffin,9793295,QB,4000,TB@MIA 11/19/2017 01:00PM ET,TB,
,,,,,,,,,,RB,Jacquizz Rodgers (9793298),Jacquizz Rodgers,9793298,RB,4000,TB@MIA 11/19/2017 01:00PM ET,TB,
,,,,,,,,,,WR,Kenny Golladay (9792666),Kenny Golladay,9792666,WR,3900,DET@CHI 11/19/2017 01:00PM ET,DET,
,,,,,,,,,,WR,Randall Cobb (9792766),Randall Cobb,9792766,WR,3900,BAL@GB 11/19/2017 01:00PM ET,GB,
,,,,,,,,,,RB,Alex Collins (9792781),Alex Collins,9792781,RB,3900,BAL@GB 11/19/2017 01:00PM ET,BAL,
,,,,,,,,,,RB,Malcolm Brown (9792881),Malcolm Brown,9792881,RB,3900,LAR@MIN 11/19/2017 01:00PM ET,LAR,
,,,,,,,,,,RB,Mike Tolbert (9793068),Mike Tolbert,9793068,RB,3900,BUF@LAC 11/19/2017 04:05PM ET,BUF,
,,,,,,,,,,TE,Charles Clay (9793088),Charles Clay,9793088,TE,3900,BUF@LAC 11/19/2017 04:05PM ET,BUF,
,,,,,,,,,,WR,Brandon LaFell (9793142),Brandon LaFell,9793142,WR,3900,CIN@DEN 11/19/2017 04:25PM ET,CIN,
,,,,,,,,,,RB,DeAndre Washington (9793203),DeAndre Washington,9793203,RB,3900,NE@OAK 11/19/2017 04:25PM ET,OAK,
,,,,,,,,,,WR,Phillip Dorsett (9793248),Phillip Dorsett,9793248,WR,3900,NE@OAK 11/19/2017 04:25PM ET,NE,
,,,,,,,,,,WR,Corey Coleman (9792690),Corey Coleman,9792690,WR,3800,JAX@CLE 11/19/2017 01:00PM ET,CLE,
,,,,,,,,,,WR,Keelan Cole (9792735),Keelan Cole,9792735,WR,3800,JAX@CLE 11/19/2017 01:00PM ET,JAX,
,,,,,,,,,,WR,Mike Wallace (9792793),Mike Wallace,9792793,WR,3800,BAL@GB 11/19/2017 01:00PM ET,BAL,
,,,,,,,,,,RB,Andre Ellington (9792847),Andre Ellington,9792847,RB,3800,ARI@HOU 11/19/2017 01:00PM ET,ARI,
,,,,,,,,,,WR,Jaron Brown (9792861),Jaron Brown,9792861,WR,3800,ARI@HOU 11/19/2017 01:00PM ET,ARI,
,,,,,,,,,,RB,Samaje Perine (9792980),Samaje Perine,9792980,RB,3800,WAS@NO 11/19/2017 01:00PM ET,WAS,
,,,,,,,,,,DST,Broncos  (9793199),Broncos ,9793199,DST,3800,CIN@DEN 11/19/2017 04:25PM ET,DEN,
,,,,,,,,,,RB,Alfred Blue (9792819),Alfred Blue,9792819,RB,3700,ARI@HOU 11/19/2017 01:00PM ET,HOU,
,,,,,,,,,,WR,J.J. Nelson (9792863),J.J. Nelson,9792863,WR,3700,ARI@HOU 11/19/2017 01:00PM ET,ARI,
,,,,,,,,,,RB,Jalen Richard (9793207),Jalen Richard,9793207,RB,3700,NE@OAK 11/19/2017 04:25PM ET,OAK,
,,,,,,,,,,RB,Tarik Cohen (9792621),Tarik Cohen,9792621,RB,3600,DET@CHI 11/19/2017 01:00PM ET,CHI,
,,,,,,,,,,RB,Zach Zenner (9792656),Zach Zenner,9792656,RB,3600,DET@CHI 11/19/2017 01:00PM ET,DET,
,,,,,,,,,,RB,Dwayne Washington (9792658),Dwayne Washington,9792658,RB,3600,DET@CHI 11/19/2017 01:00PM ET,DET,
,,,,,,,,,,DST,Lions  (9792678),Lions ,9792678,DST,3600,DET@CHI 11/19/2017 01:00PM ET,DET,
,,,,,,,,,,WR,Dede Westbrook (9792733),Dede Westbrook,9792733,WR,3600,JAX@CLE 11/19/2017 01:00PM ET,JAX,
,,,,,,,,,,RB,Kerwynn Williams (9792849),Kerwynn Williams,9792849,RB,3600,ARI@HOU 11/19/2017 01:00PM ET,ARI,
,,,,,,,,,,WR,Tyrell Williams (9793114),Tyrell Williams,9793114,WR,3600,BUF@LAC 11/19/2017 04:05PM ET,LAC,
,,,,,,,,,,RB,Rex Burkhead (9793234),Rex Burkhead,9793234,RB,3600,NE@OAK 11/19/2017 04:25PM ET,NE,
,,,,,,,,,,RB,Mike Gillislee (9793236),Mike Gillislee,9793236,RB,3600,NE@OAK 11/19/2017 04:25PM ET,NE,
,,,,,,,,,,WR,Malcolm Mitchell (9793250),Malcolm Mitchell,9793250,WR,3600,NE@OAK 11/19/2017 04:25PM ET,NE,
,,,,,,,,,,WR,Josh Gordon (9792692),Josh Gordon,9792692,WR,3500,JAX@CLE 11/19/2017 01:00PM ET,CLE,
,,,,,,,,,,DST,Saints  (9792973),Saints ,9792973,DST,3500,WAS@NO 11/19/2017 01:00PM ET,NO,
,,,,,,,,,,WR,Ryan Grant (9792986),Ryan Grant,9792986,WR,3500,WAS@NO 11/19/2017 01:00PM ET,WAS,
,,,,,,,,,,WR,Albert Wilson (9793016),Albert Wilson,9793016,WR,3500,KC@NYG 11/19/2017 01:00PM ET,KC,
,,,,,,,,,,RB,Wayne Gallman (9793038),Wayne Gallman,9793038,RB,3500,KC@NYG 11/19/2017 01:00PM ET,NYG,
,,,,,,,,,,WR,Zay Jones (9793080),Zay Jones,9793080,WR,3500,BUF@LAC 11/19/2017 04:05PM ET,BUF,
,,,,,,,,,,RB,Branden Oliver (9793104),Branden Oliver,9793104,RB,3500,BUF@LAC 11/19/2017 04:05PM ET,LAC,
,,,,,,,,,,WR,Travis Benjamin (9793112),Travis Benjamin,9793112,WR,3500,BUF@LAC 11/19/2017 04:05PM ET,LAC,
,,,,,,,,,,TE,Hunter Henry (9793120),Hunter Henry,9793120,TE,3500,BUF@LAC 11/19/2017 04:05PM ET,LAC,
,,,,,,,,,,RB,Devontae Booker (9793173),Devontae Booker,9793173,RB,3500,CIN@DEN 11/19/2017 04:25PM ET,DEN,
,,,,,,,,,,RB,Charles Sims (9793300),Charles Sims,9793300,RB,3500,TB@MIA 11/19/2017 01:00PM ET,TB,
,,,,,,,,,,DST,Ravens  (9792811),Ravens ,9792811,DST,3400,BAL@GB 11/19/2017 01:00PM ET,BAL,
,,,,,,,,,,RB,Rob Kelley (9792978),Rob Kelley,9792978,RB,3400,WAS@NO 11/19/2017 01:00PM ET,WAS,
,,,,,,,,,,WR,Demarcus Robinson (9793018),Demarcus Robinson,9793018,WR,3400,KC@NYG 11/19/2017 01:00PM ET,KC,
,,,,,,,,,,WR,TJ Jones (9792668),TJ Jones,9792668,WR,3300,DET@CHI 11/19/2017 01:00PM ET,DET,
,,,,,,,,,,TE,Eric Ebron (9792672),Eric Ebron,9792672,TE,3300,DET@CHI 11/19/2017 01:00PM ET,DET,
,,,,,,,,,,DST,Chiefs  (9793032),Chiefs ,9793032,DST,3300,KC@NYG 11/19/2017 01:00PM ET,KC,
,,,,,,,,,,WR,Jordan Matthews (9793076),Jordan Matthews,9793076,WR,3300,BUF@LAC 11/19/2017 04:05PM ET,BUF,
,,,,,,,,,,WR,Deonte Thompson (9793078),Deonte Thompson,9793078,WR,3300,BUF@LAC 11/19/2017 04:05PM ET,BUF,
,,,,,,,,,,RB,De'Angelo Henderson (9793175),De'Angelo Henderson,9793175,RB,3300,CIN@DEN 11/19/2017 04:25PM ET,DEN,
,,,,,,,,,,RB,Peyton Barber (9793302),Peyton Barber,9793302,RB,3300,TB@MIA 11/19/2017 01:00PM ET,TB,
,,,,,,,,,,WR,Adam Humphries (9793308),Adam Humphries,9793308,WR,3300,TB@MIA 11/19/2017 01:00PM ET,TB,
,,,,,,,,,,WR,Josh Bellamy (9792633),Josh Bellamy,9792633,WR,3200,DET@CHI 11/19/2017 01:00PM ET,CHI,
,,,,,,,,,,WR,Dontrelle Inman (9792637),Dontrelle Inman,9792637,WR,3200,DET@CHI 11/19/2017 01:00PM ET,CHI,
,,,,,,,,,,RB,Terrance West (9792785),Terrance West,9792785,RB,3200,BAL@GB 11/19/2017 01:00PM ET,BAL,
,,,,,,,,,,DST,Cardinals  (9792875),Cardinals ,9792875,DST,3200,ARI@HOU 11/19/2017 01:00PM ET,ARI,
,,,,,,,,,,WR,Terrelle Pryor Sr. (9792988),Terrelle Pryor Sr.,9792988,WR,3200,WAS@NO 11/19/2017 01:00PM ET,WAS,
,,,,,,,,,,WR,Mike Williams (9793116),Mike Williams,9793116,WR,3200,BUF@LAC 11/19/2017 04:05PM ET,LAC,
,,,,,,,,,,WR,Bennie Fowler (9793183),Bennie Fowler,9793183,WR,3200,CIN@DEN 11/19/2017 04:25PM ET,DEN,
,,,,,,,,,,WR,Kendall Wright (9792629),Kendall Wright,9792629,WR,3100,DET@CHI 11/19/2017 01:00PM ET,CHI,
,,,,,,,,,,WR,Geronimo Allison (9792768),Geronimo Allison,9792768,WR,3100,BAL@GB 11/19/2017 01:00PM ET,GB,
,,,,,,,,,,TE,C.J. Fiedorowicz (9792835),C.J. Fiedorowicz,9792835,TE,3100,ARI@HOU 11/19/2017 01:00PM ET,HOU,
,,,,,,,,,,DST,Texans  (9792839),Texans ,9792839,DST,3100,ARI@HOU 11/19/2017 01:00PM ET,HOU,
,,,,,,,,,,RB,Shane Vereen (9793042),Shane Vereen,9793042,RB,3100,KC@NYG 11/19/2017 01:00PM ET,NYG,
,,,,,,,,,,WR,Tavarres King (9793048),Tavarres King,9793048,WR,3100,KC@NYG 11/19/2017 01:00PM ET,NYG,
,,,,,,,,,,WR,Chris Godwin (9793312),Chris Godwin,9793312,WR,3100,TB@MIA 11/19/2017 01:00PM ET,TB,
,,,,,,,,,,RB,Taquan Mizzell (9792623),Taquan Mizzell,9792623,RB,3000,DET@CHI 11/19/2017 01:00PM ET,CHI,
,,,,,,,,,,RB,Benny Cunningham (9792625),Benny Cunningham,9792625,RB,3000,DET@CHI 11/19/2017 01:00PM ET,CHI,
,,,,,,,,,,RB,Michael Burton (9792627),Michael Burton,9792627,RB,3000,DET@CHI 11/19/2017 01:00PM ET,CHI,
,,,,,,,,,,WR,Tre McBride (9792631),Tre McBride,9792631,WR,3000,DET@CHI 11/19/2017 01:00PM ET,CHI,
,,,,,,,,,,WR,Markus Wheaton (9792635),Markus Wheaton,9792635,WR,3000,DET@CHI 11/19/2017 01:00PM ET,CHI,
,,,,,,,,,,RB,Tion Green (9792660),Tion Green,9792660,RB,3000,DET@CHI 11/19/2017 01:00PM ET,DET,
,,,,,,,,,,WR,Jared Abbrederis (9792670),Jared Abbrederis,9792670,WR,3000,DET@CHI 11/19/2017 01:00PM ET,DET,
,,,,,,,,,,RB,Danny Vitale (9792686),Danny Vitale,9792686,RB,3000,JAX@CLE 11/19/2017 01:00PM ET,CLE,
,,,,,,,,,,RB,Matthew Dayes (9792688),Matthew Dayes,9792688,RB,3000,JAX@CLE 11/19/2017 01:00PM ET,CLE,
,,,,,,,,,,WR,Ricardo Louis (9792694),Ricardo Louis,9792694,WR,3000,JAX@CLE 11/19/2017 01:00PM ET,CLE,
,,,,,,,,,,WR,Rashard Higgins (9792696),Rashard Higgins,9792696,WR,3000,JAX@CLE 11/19/2017 01:00PM ET,CLE,
,,,,,,,,,,WR,Bryce Treggs (9792698),Bryce Treggs,9792698,WR,3000,JAX@CLE 11/19/2017 01:00PM ET,CLE,
,,,,,,,,,,WR,Kasen Williams (9792700),Kasen Williams,9792700,WR,3000,JAX@CLE 11/19/2017 01:00PM ET,CLE,
,,,,,,,,,,WR,James Wright (9792702),James Wright,9792702,WR,3000,JAX@CLE 11/19/2017 01:00PM ET,CLE,
,,,,,,,,,,WR,Sammie Coates (9792704),Sammie Coates,9792704,WR,3000,JAX@CLE 11/19/2017 01:00PM ET,CLE,
,,,,,,,,,,WR,Kenny Britt (9792706),Kenny Britt,9792706,WR,3000,JAX@CLE 11/19/2017 01:00PM ET,CLE,
,,,,,,,,,,RB,Corey Grant (9792725),Corey Grant,9792725,RB,3000,JAX@CLE 11/19/2017 01:00PM ET,JAX,
,,,,,,,,,,RB,Tommy Bohanon (9792727),Tommy Bohanon,9792727,RB,3000,JAX@CLE 11/19/2017 01:00PM ET,JAX,
,,,,,,,,,,WR,Jaelen Strong (9792737),Jaelen Strong,9792737,WR,3000,JAX@CLE 11/19/2017 01:00PM ET,JAX,
,,,,,,,,,,WR,Jaydon Mickens (9792739),Jaydon Mickens,9792739,WR,3000,JAX@CLE 11/19/2017 01:00PM ET,JAX,
,,,,,,,,,,WR,Arrelious Benn (9792741),Arrelious Benn,9792741,WR,3000,JAX@CLE 11/19/2017 01:00PM ET,JAX,
,,,,,,,,,,RB,Aaron Ripkowski (9792758),Aaron Ripkowski,9792758,RB,3000,BAL@GB 11/19/2017 01:00PM ET,GB,
,,,,,,,,,,RB,Devante Mays (9792760),Devante Mays,9792760,RB,3000,BAL@GB 11/19/2017 01:00PM ET,GB,
,,,,,,,,,,WR,Jeff Janis (9792770),Jeff Janis,9792770,WR,3000,BAL@GB 11/19/2017 01:00PM ET,GB,
,,,,,,,,,,WR,Trevor Davis (9792772),Trevor Davis,9792772,WR,3000,BAL@GB 11/19/2017 01:00PM ET,GB,
,,,,,,,,,,RB,Bobby Rainey (9792789),Bobby Rainey,9792789,RB,3000,BAL@GB 11/19/2017 01:00PM ET,BAL,
,,,,,,,,,,WR,Michael Campanaro (9792795),Michael Campanaro,9792795,WR,3000,BAL@GB 11/19/2017 01:00PM ET,BAL,
,,,,,,,,,,WR,Chris Moore (9792797),Chris Moore,9792797,WR,3000,BAL@GB 11/19/2017 01:00PM ET,BAL,
,,,,,,,,,,WR,Breshad Perriman (9792799),Breshad Perriman,9792799,WR,3000,BAL@GB 11/19/2017 01:00PM ET,BAL,
,,,,,,,,,,RB,Jay Prosch (9792821),Jay Prosch,9792821,RB,3000,ARI@HOU 11/19/2017 01:00PM ET,HOU,
,,,,,,,,,,RB,Jordan Todman (9792823),Jordan Todman,9792823,RB,3000,ARI@HOU 11/19/2017 01:00PM ET,HOU,
,,,,,,,,,,WR,Chris Thompson (9792829),Chris Thompson,9792829,WR,3000,ARI@HOU 11/19/2017 01:00PM ET,HOU,
,,,,,,,,,,WR,Bruce Ellington (9792831),Bruce Ellington,9792831,WR,3000,ARI@HOU 11/19/2017 01:00PM ET,HOU,
,,,,,,,,,,WR,Braxton Miller (9792833),Braxton Miller,9792833,WR,3000,ARI@HOU 11/19/2017 01:00PM ET,HOU,
,,,,,,,,,,RB,Elijhaa Penny (9792851),Elijhaa Penny,9792851,RB,3000,ARI@HOU 11/19/2017 01:00PM ET,ARI,
,,,,,,,,,,RB,D.J. Foster (9792853),D.J. Foster,9792853,RB,3000,ARI@HOU 11/19/2017 01:00PM ET,ARI,
,,,,,,,,,,RB,T.J. Logan (9792855),T.J. Logan,9792855,RB,3000,ARI@HOU 11/19/2017 01:00PM ET,ARI,
,,,,,,,,,,WR,Brittan Golden (9792865),Brittan Golden,9792865,WR,3000,ARI@HOU 11/19/2017 01:00PM ET,ARI,
,,,,,,,,,,WR,Chad Williams (9792867),Chad Williams,9792867,WR,3000,ARI@HOU 11/19/2017 01:00PM ET,ARI,
,,,,,,,,,,RB,Justin Davis (9792883),Justin Davis,9792883,RB,3000,LAR@MIN 11/19/2017 01:00PM ET,LAR,
,,,,,,,,,,RB,Lance Dunbar (9792885),Lance Dunbar,9792885,RB,3000,LAR@MIN 11/19/2017 01:00PM ET,LAR,
,,,,,,,,,,WR,Pharoh Cooper (9792893),Pharoh Cooper,9792893,WR,3000,LAR@MIN 11/19/2017 01:00PM ET,LAR,
,,,,,,,,,,WR,Josh Reynolds (9792895),Josh Reynolds,9792895,WR,3000,LAR@MIN 11/19/2017 01:00PM ET,LAR,
,,,,,,,,,,WR,Michael Thomas (9792897),Michael Thomas,9792897,WR,3000,LAR@MIN 11/19/2017 01:00PM ET,LAR,
,,,,,,,,,,WR,Tavon Austin (9792899),Tavon Austin,9792899,WR,3000,LAR@MIN 11/19/2017 01:00PM ET,LAR,
,,,,,,,,,,RB,Mack Brown (9792917),Mack Brown,9792917,RB,3000,LAR@MIN 11/19/2017 01:00PM ET,MIN,
,,,,,,,,,,RB,C.J. Ham (9792919),C.J. Ham,9792919,RB,3000,LAR@MIN 11/19/2017 01:00PM ET,MIN,
,,,,,,,,,,WR,Laquon Treadwell (9792925),Laquon Treadwell,9792925,WR,3000,LAR@MIN 11/19/2017 01:00PM ET,MIN,
,,,,,,,,,,WR,Stacy Coley (9792927),Stacy Coley,9792927,WR,3000,LAR@MIN 11/19/2017 01:00PM ET,MIN,
,,,,,,,,,,WR,Jarius Wright (9792929),Jarius Wright,9792929,WR,3000,LAR@MIN 11/19/2017 01:00PM ET,MIN,
,,,,,,,,,,WR,Michael Floyd (9792931),Michael Floyd,9792931,WR,3000,LAR@MIN 11/19/2017 01:00PM ET,MIN,
,,,,,,,,,,RB,Daniel Lasco II (9792949),Daniel Lasco II,9792949,RB,3000,WAS@NO 11/19/2017 01:00PM ET,NO,
,,,,,,,,,,RB,Trey Edmunds (9792951),Trey Edmunds,9792951,RB,3000,WAS@NO 11/19/2017 01:00PM ET,NO,
,,,,,,,,,,RB,Zach Line (9792953),Zach Line,9792953,RB,3000,WAS@NO 11/19/2017 01:00PM ET,NO,
,,,,,,,,,,WR,Willie Snead (9792959),Willie Snead,9792959,WR,3000,WAS@NO 11/19/2017 01:00PM ET,NO,
,,,,,,,,,,WR,Brandon Coleman (9792961),Brandon Coleman,9792961,WR,3000,WAS@NO 11/19/2017 01:00PM ET,NO,
,,,,,,,,,,WR,Austin Carr (9792963),Austin Carr,9792963,WR,3000,WAS@NO 11/19/2017 01:00PM ET,NO,
,,,,,,,,,,WR,Tommylee Lewis (9792965),Tommylee Lewis,9792965,WR,3000,WAS@NO 11/19/2017 01:00PM ET,NO,
,,,,,,,,,,WR,Brian Quick (9792990),Brian Quick,9792990,WR,3000,WAS@NO 11/19/2017 01:00PM ET,WAS,
,,,,,,,,,,WR,Maurice Harris (9792992),Maurice Harris,9792992,WR,3000,WAS@NO 11/19/2017 01:00PM ET,WAS,
,,,,,,,,,,RB,Akeem Hunt (9793010),Akeem Hunt,9793010,RB,3000,KC@NYG 11/19/2017 01:00PM ET,KC,
,,,,,,,,,,RB,Anthony Sherman (9793012),Anthony Sherman,9793012,RB,3000,KC@NYG 11/19/2017 01:00PM ET,KC,
,,,,,,,,,,WR,Jehu Chesson (9793020),Jehu Chesson,9793020,WR,3000,KC@NYG 11/19/2017 01:00PM ET,KC,
,,,,,,,,,,WR,De'Anthony Thomas (9793022),De'Anthony Thomas,9793022,WR,3000,KC@NYG 11/19/2017 01:00PM ET,KC,
,,,,,,,,,,RB,Paul Perkins (9793040),Paul Perkins,9793040,RB,3000,KC@NYG 11/19/2017 01:00PM ET,NYG,
,,,,,,,,,,RB,Shane Smith (9793044),Shane Smith,9793044,RB,3000,KC@NYG 11/19/2017 01:00PM ET,NYG,
,,,,,,,,,,WR,Roger Lewis (9793050),Roger Lewis,9793050,WR,3000,KC@NYG 11/19/2017 01:00PM ET,NYG,
,,,,,,,,,,WR,Travis Rudolph (9793052),Travis Rudolph,9793052,WR,3000,KC@NYG 11/19/2017 01:00PM ET,NYG,
,,,,,,,,,,WR,Ed Eagan (9793054),Ed Eagan,9793054,WR,3000,KC@NYG 11/19/2017 01:00PM ET,NYG,
,,,,,,,,,,RB,Travaris Cadet (9793070),Travaris Cadet,9793070,RB,3000,BUF@LAC 11/19/2017 04:05PM ET,BUF,
,,,,,,,,,,RB,Patrick DiMarco (9793072),Patrick DiMarco,9793072,RB,3000,BUF@LAC 11/19/2017 04:05PM ET,BUF,
,,,,,,,,,,WR,Brandon Tate (9793082),Brandon Tate,9793082,WR,3000,BUF@LAC 11/19/2017 04:05PM ET,BUF,
,,,,,,,,,,WR,Walter Powell (9793084),Walter Powell,9793084,WR,3000,BUF@LAC 11/19/2017 04:05PM ET,BUF,
,,,,,,,,,,WR,Andre Holmes (9793086),Andre Holmes,9793086,WR,3000,BUF@LAC 11/19/2017 04:05PM ET,BUF,
,,,,,,,,,,RB,Andre Williams (9793106),Andre Williams,9793106,RB,3000,BUF@LAC 11/19/2017 04:05PM ET,LAC,
,,,,,,,,,,RB,Derek Watt (9793108),Derek Watt,9793108,RB,3000,BUF@LAC 11/19/2017 04:05PM ET,LAC,
,,,,,,,,,,WR,Geremy Davis (9793118),Geremy Davis,9793118,WR,3000,BUF@LAC 11/19/2017 04:05PM ET,LAC,
,,,,,,,,,,DST,Chargers  (9793130),Chargers ,9793130,DST,3000,BUF@LAC 11/19/2017 04:05PM ET,LAC,
,,,,,,,,,,RB,Giovani Bernard (9793136),Giovani Bernard,9793136,RB,3000,CIN@DEN 11/19/2017 04:25PM ET,CIN,
,,,,,,,,,,RB,Tra Carson (9793138),Tra Carson,9793138,RB,3000,CIN@DEN 11/19/2017 04:25PM ET,CIN,
,,,,,,,,,,WR,John Ross (9793144),John Ross,9793144,WR,3000,CIN@DEN 11/19/2017 04:25PM ET,CIN,
,,,,,,,,,,WR,Tyler Boyd (9793146),Tyler Boyd,9793146,WR,3000,CIN@DEN 11/19/2017 04:25PM ET,CIN,
,,,,,,,,,,WR,Cody Core (9793148),Cody Core,9793148,WR,3000,CIN@DEN 11/19/2017 04:25PM ET,CIN,
,,,,,,,,,,WR,Alex Erickson (9793150),Alex Erickson,9793150,WR,3000,CIN@DEN 11/19/2017 04:25PM ET,CIN,
,,,,,,,,,,WR,Josh Malone (9793152),Josh Malone,9793152,WR,3000,CIN@DEN 11/19/2017 04:25PM ET,CIN,
,,,,,,,,,,DST,Bengals  (9793164),Bengals ,9793164,DST,3000,CIN@DEN 11/19/2017 04:25PM ET,CIN,
,,,,,,,,,,RB,Andy Janovich (9793177),Andy Janovich,9793177,RB,3000,CIN@DEN 11/19/2017 04:25PM ET,DEN,
,,,,,,,,,,WR,Jordan Taylor (9793185),Jordan Taylor,9793185,WR,3000,CIN@DEN 11/19/2017 04:25PM ET,DEN,
,,,,,,,,,,WR,Cody Latimer (9793187),Cody Latimer,9793187,WR,3000,CIN@DEN 11/19/2017 04:25PM ET,DEN,
,,,,,,,,,,WR,Isaiah McKenzie (9793189),Isaiah McKenzie,9793189,WR,3000,CIN@DEN 11/19/2017 04:25PM ET,DEN,
,,,,,,,,,,RB,Jamize Olawale (9793209),Jamize Olawale,9793209,RB,3000,NE@OAK 11/19/2017 04:25PM ET,OAK,
,,,,,,,,,,WR,Cordarrelle Patterson (9793215),Cordarrelle Patterson,9793215,WR,3000,NE@OAK 11/19/2017 04:25PM ET,OAK,
,,,,,,,,,,WR,Seth Roberts (9793217),Seth Roberts,9793217,WR,3000,NE@OAK 11/19/2017 04:25PM ET,OAK,
,,,,,,,,,,WR,Johnny Holton (9793219),Johnny Holton,9793219,WR,3000,NE@OAK 11/19/2017 04:25PM ET,OAK,
,,,,,,,,,,RB,Brandon Bolden (9793238),Brandon Bolden,9793238,RB,3000,NE@OAK 11/19/2017 04:25PM ET,NE,
,,,,,,,,,,RB,James Develin (9793240),James Develin,9793240,RB,3000,NE@OAK 11/19/2017 04:25PM ET,NE,
,,,,,,,,,,WR,Matthew Slater (9793252),Matthew Slater,9793252,WR,3000,NE@OAK 11/19/2017 04:25PM ET,NE,
,,,,,,,,,,RB,Senorise Perry (9793270),Senorise Perry,9793270,RB,3000,TB@MIA 11/19/2017 01:00PM ET,MIA,
,,,,,,,,,,WR,Rashawn Scott (9793278),Rashawn Scott,9793278,WR,3000,TB@MIA 11/19/2017 01:00PM ET,MIA,
,,,,,,,,,,WR,Jakeem Grant (9793280),Jakeem Grant,9793280,WR,3000,TB@MIA 11/19/2017 01:00PM ET,MIA,
,,,,,,,,,,WR,Leonte Carroo (9793282),Leonte Carroo,9793282,WR,3000,TB@MIA 11/19/2017 01:00PM ET,MIA,
,,,,,,,,,,WR,Isaiah Ford (9793284),Isaiah Ford,9793284,WR,3000,TB@MIA 11/19/2017 01:00PM ET,MIA,
,,,,,,,,,,WR,Bernard Reedy (9793310),Bernard Reedy,9793310,WR,3000,TB@MIA 11/19/2017 01:00PM ET,TB,
,,,,,,,,,,WR,Freddie Martino (9793314),Freddie Martino,9793314,WR,3000,TB@MIA 11/19/2017 01:00PM ET,TB,
,,,,,,,,,,TE,Tyler Kroft (9793154),Tyler Kroft,9793154,TE,2900,CIN@DEN 11/19/2017 04:25PM ET,CIN,
,,,,,,,,,,DST,Buccaneers  (9793324),Buccaneers ,9793324,DST,2900,TB@MIA 11/19/2017 01:00PM ET,TB,
,,,,,,,,,,TE,Benjamin Watson (9792801),Benjamin Watson,9792801,TE,2800,BAL@GB 11/19/2017 01:00PM ET,BAL,
,,,,,,,,,,TE,Jermaine Gresham (9792873),Jermaine Gresham,9792873,TE,2800,ARI@HOU 11/19/2017 01:00PM ET,ARI,
,,,,,,,,,,DST,Vikings  (9792941),Vikings ,9792941,DST,2800,LAR@MIN 11/19/2017 01:00PM ET,MIN,
,,,,,,,,,,TE,Martellus Bennett (9793256),Martellus Bennett,9793256,TE,2800,NE@OAK 11/19/2017 04:25PM ET,NE,
,,,,,,,,,,TE,Julius Thomas (9793286),Julius Thomas,9793286,TE,2800,TB@MIA 11/19/2017 01:00PM ET,MIA,
,,,,,,,,,,DST,Dolphins  (9793292),Dolphins ,9793292,DST,2800,TB@MIA 11/19/2017 01:00PM ET,MIA,
,,,,,,,,,,DST,Bears  (9792649),Bears ,9792649,DST,2700,DET@CHI 11/19/2017 01:00PM ET,CHI,
,,,,,,,,,,TE,Marcedes Lewis (9792743),Marcedes Lewis,9792743,TE,2700,JAX@CLE 11/19/2017 01:00PM ET,JAX,
,,,,,,,,,,DST,Packers  (9792778),Packers ,9792778,DST,2700,BAL@GB 11/19/2017 01:00PM ET,GB,
,,,,,,,,,,TE,A.J. Derby (9793191),A.J. Derby,9793191,TE,2700,CIN@DEN 11/19/2017 04:25PM ET,DEN,
,,,,,,,,,,TE,Tyler Higbee (9792901),Tyler Higbee,9792901,TE,2600,LAR@MIN 11/19/2017 01:00PM ET,LAR,
,,,,,,,,,,TE,Antonio Gates (9793122),Antonio Gates,9793122,TE,2600,BUF@LAC 11/19/2017 04:05PM ET,LAC,
,,,,,,,,,,DST,Patriots  (9793262),Patriots ,9793262,DST,2600,NE@OAK 11/19/2017 04:25PM ET,NE,
,,,,,,,,,,TE,Dion Sims (9792639),Dion Sims,9792639,TE,2500,DET@CHI 11/19/2017 01:00PM ET,CHI,
,,,,,,,,,,TE,Daniel Brown (9792641),Daniel Brown,9792641,TE,2500,DET@CHI 11/19/2017 01:00PM ET,CHI,
,,,,,,,,,,TE,Andrew DePaola (9792643),Andrew DePaola,9792643,TE,2500,DET@CHI 11/19/2017 01:00PM ET,CHI,
,,,,,,,,,,TE,Adam Shaheen (9792645),Adam Shaheen,9792645,TE,2500,DET@CHI 11/19/2017 01:00PM ET,CHI,
,,,,,,,,,,TE,Ben Braunecker (9792647),Ben Braunecker,9792647,TE,2500,DET@CHI 11/19/2017 01:00PM ET,CHI,
,,,,,,,,,,TE,Michael Roberts (9792674),Michael Roberts,9792674,TE,2500,DET@CHI 11/19/2017 01:00PM ET,DET,
,,,,,,,,,,TE,Darren Fells (9792676),Darren Fells,9792676,TE,2500,DET@CHI 11/19/2017 01:00PM ET,DET,
,,,,,,,,,,TE,David Njoku (9792708),David Njoku,9792708,TE,2500,JAX@CLE 11/19/2017 01:00PM ET,CLE,
,,,,,,,,,,TE,Seth DeValve (9792710),Seth DeValve,9792710,TE,2500,JAX@CLE 11/19/2017 01:00PM ET,CLE,
,,,,,,,,,,TE,Randall Telfer (9792712),Randall Telfer,9792712,TE,2500,JAX@CLE 11/19/2017 01:00PM ET,CLE,
,,,,,,,,,,TE,Matt Lengel (9792714),Matt Lengel,9792714,TE,2500,JAX@CLE 11/19/2017 01:00PM ET,CLE,
,,,,,,,,,,TE,James O'Shaughnessy (9792745),James O'Shaughnessy,9792745,TE,2500,JAX@CLE 11/19/2017 01:00PM ET,JAX,
,,,,,,,,,,TE,Ben Koyack (9792747),Ben Koyack,9792747,TE,2500,JAX@CLE 11/19/2017 01:00PM ET,JAX,
,,,,,,,,,,TE,Richard Rodgers (9792774),Richard Rodgers,9792774,TE,2500,BAL@GB 11/19/2017 01:00PM ET,GB,
,,,,,,,,,,TE,Lance Kendricks (9792776),Lance Kendricks,9792776,TE,2500,BAL@GB 11/19/2017 01:00PM ET,GB,
,,,,,,,,,,TE,Gavin Escobar (9792803),Gavin Escobar,9792803,TE,2500,BAL@GB 11/19/2017 01:00PM ET,BAL,
,,,,,,,,,,TE,Maxx Williams (9792805),Maxx Williams,9792805,TE,2500,BAL@GB 11/19/2017 01:00PM ET,BAL,
,,,,,,,,,,TE,Nick Boyle (9792807),Nick Boyle,9792807,TE,2500,BAL@GB 11/19/2017 01:00PM ET,BAL,
,,,,,,,,,,TE,Vince Mayle (9792809),Vince Mayle,9792809,TE,2500,BAL@GB 11/19/2017 01:00PM ET,BAL,
,,,,,,,,,,TE,Stephen Anderson (9792837),Stephen Anderson,9792837,TE,2500,ARI@HOU 11/19/2017 01:00PM ET,HOU,
,,,,,,,,,,TE,Troy Niklas (9792869),Troy Niklas,9792869,TE,2500,ARI@HOU 11/19/2017 01:00PM ET,ARI,
,,,,,,,,,,TE,Ricky Seals-Jones (9792871),Ricky Seals-Jones,9792871,TE,2500,ARI@HOU 11/19/2017 01:00PM ET,ARI,
,,,,,,,,,,TE,Derek Carrier (9792903),Derek Carrier,9792903,TE,2500,LAR@MIN 11/19/2017 01:00PM ET,LAR,
,,,,,,,,,,TE,Gerald Everett (9792905),Gerald Everett,9792905,TE,2500,LAR@MIN 11/19/2017 01:00PM ET,LAR,
,,,,,,,,,,TE,Johnny Mundt (9792907),Johnny Mundt,9792907,TE,2500,LAR@MIN 11/19/2017 01:00PM ET,LAR,
,,,,,,,,,,TE,Kevin McDermott (9792935),Kevin McDermott,9792935,TE,2500,LAR@MIN 11/19/2017 01:00PM ET,MIN,
,,,,,,,,,,TE,Blake Bell (9792937),Blake Bell,9792937,TE,2500,LAR@MIN 11/19/2017 01:00PM ET,MIN,
,,,,,,,,,,TE,David Morgan (9792939),David Morgan,9792939,TE,2500,LAR@MIN 11/19/2017 01:00PM ET,MIN,
,,,,,,,,,,TE,Coby Fleener (9792967),Coby Fleener,9792967,TE,2500,WAS@NO 11/19/2017 01:00PM ET,NO,
,,,,,,,,,,TE,Michael Hoomanawanui (9792969),Michael Hoomanawanui,9792969,TE,2500,WAS@NO 11/19/2017 01:00PM ET,NO,
,,,,,,,,,,TE,Josh Hill (9792971),Josh Hill,9792971,TE,2500,WAS@NO 11/19/2017 01:00PM ET,NO,
,,,,,,,,,,TE,Niles Paul (9792998),Niles Paul,9792998,TE,2500,WAS@NO 11/19/2017 01:00PM ET,WAS,
,,,,,,,,,,TE,Jeremy Sprinkle (9793000),Jeremy Sprinkle,9793000,TE,2500,WAS@NO 11/19/2017 01:00PM ET,WAS,
,,,,,,,,,,TE,Ross Travis (9793026),Ross Travis,9793026,TE,2500,KC@NYG 11/19/2017 01:00PM ET,KC,
,,,,,,,,,,TE,Demetrius Harris (9793028),Demetrius Harris,9793028,TE,2500,KC@NYG 11/19/2017 01:00PM ET,KC,
,,,,,,,,,,TE,James Winchester (9793030),James Winchester,9793030,TE,2500,KC@NYG 11/19/2017 01:00PM ET,KC,
,,,,,,,,,,TE,Jerell Adams (9793058),Jerell Adams,9793058,TE,2500,KC@NYG 11/19/2017 01:00PM ET,NYG,
,,,,,,,,,,TE,Rhett Ellison (9793060),Rhett Ellison,9793060,TE,2500,KC@NYG 11/19/2017 01:00PM ET,NYG,
,,,,,,,,,,TE,Nick O'Leary (9793090),Nick O'Leary,9793090,TE,2500,BUF@LAC 11/19/2017 04:05PM ET,BUF,
,,,,,,,,,,TE,Khari Lee (9793092),Khari Lee,9793092,TE,2500,BUF@LAC 11/19/2017 04:05PM ET,BUF,
,,,,,,,,,,TE,Logan Thomas (9793094),Logan Thomas,9793094,TE,2500,BUF@LAC 11/19/2017 04:05PM ET,BUF,
,,,,,,,,,,DST,Bills  (9793096),Bills ,9793096,DST,2500,BUF@LAC 11/19/2017 04:05PM ET,BUF,
,,,,,,,,,,TE,Sean McGrath (9793124),Sean McGrath,9793124,TE,2500,BUF@LAC 11/19/2017 04:05PM ET,LAC,
,,,,,,,,,,TE,Sean Culkin (9793126),Sean Culkin,9793126,TE,2500,BUF@LAC 11/19/2017 04:05PM ET,LAC,
,,,,,,,,,,TE,Jeff Cumberland (9793128),Jeff Cumberland,9793128,TE,2500,BUF@LAC 11/19/2017 04:05PM ET,LAC,
,,,,,,,,,,TE,C.J. Uzomah (9793156),C.J. Uzomah,9793156,TE,2500,CIN@DEN 11/19/2017 04:25PM ET,CIN,
,,,,,,,,,,TE,Ryan Hewitt (9793158),Ryan Hewitt,9793158,TE,2500,CIN@DEN 11/19/2017 04:25PM ET,CIN,
,,,,,,,,,,TE,Clark Harris (9793160),Clark Harris,9793160,TE,2500,CIN@DEN 11/19/2017 04:25PM ET,CIN,
,,,,,,,,,,TE,Cethan Carter (9793162),Cethan Carter,9793162,TE,2500,CIN@DEN 11/19/2017 04:25PM ET,CIN,
,,,,,,,,,,TE,Jeff Heuerman (9793193),Jeff Heuerman,9793193,TE,2500,CIN@DEN 11/19/2017 04:25PM ET,DEN,
,,,,,,,,,,TE,Virgil Green (9793195),Virgil Green,9793195,TE,2500,CIN@DEN 11/19/2017 04:25PM ET,DEN,
,,,,,,,,,,TE,Jake Butt (9793197),Jake Butt,9793197,TE,2500,CIN@DEN 11/19/2017 04:25PM ET,DEN,
,,,,,,,,,,TE,Lee Smith (9793223),Lee Smith,9793223,TE,2500,NE@OAK 11/19/2017 04:25PM ET,OAK,
,,,,,,,,,,TE,Clive Walford (9793225),Clive Walford,9793225,TE,2500,NE@OAK 11/19/2017 04:25PM ET,OAK,
,,,,,,,,,,TE,Dwayne Allen (9793258),Dwayne Allen,9793258,TE,2500,NE@OAK 11/19/2017 04:25PM ET,NE,
,,,,,,,,,,TE,Jacob Hollister (9793260),Jacob Hollister,9793260,TE,2500,NE@OAK 11/19/2017 04:25PM ET,NE,
,,,,,,,,,,TE,MarQueis Gray (9793288),MarQueis Gray,9793288,TE,2500,TB@MIA 11/19/2017 01:00PM ET,MIA,
,,,,,,,,,,TE,Anthony Fasano (9793290),Anthony Fasano,9793290,TE,2500,TB@MIA 11/19/2017 01:00PM ET,MIA,
,,,,,,,,,,TE,Luke Stocker (9793318),Luke Stocker,9793318,TE,2500,TB@MIA 11/19/2017 01:00PM ET,TB,
,,,,,,,,,,TE,Antony Auclair (9793320),Antony Auclair,9793320,TE,2500,TB@MIA 11/19/2017 01:00PM ET,TB,
,,,,,,,,,,TE,O.J. Howard (9793322),O.J. Howard,9793322,TE,2500,TB@MIA 11/19/2017 01:00PM ET,TB,
,,,,,,,,,,DST,Rams  (9792909),Rams ,9792909,DST,2400,LAR@MIN 11/19/2017 01:00PM ET,LAR,
,,,,,,,,,,DST,Browns  (9792716),Browns ,9792716,DST,2300,JAX@CLE 11/19/2017 01:00PM ET,CLE,
,,,,,,,,,,DST,Giants  (9793062),Giants ,9793062,DST,2200,KC@NYG 11/19/2017 01:00PM ET,NYG,
,,,,,,,,,,DST,Raiders  (9793227),Raiders ,9793227,DST,2100,NE@OAK 11/19/2017 04:25PM ET,OAK,
,,,,,,,,,,DST,Redskins  (9793002),Redskins ,9793002,DST,2000,WAS@NO 11/19/2017 01:00PM ET,WAS,
